<?xml version="1.0" encoding="iso-8859-1"?>
<install version="1.5" type="plugin" group="content">
	<name>Component as Content</name>
	<author>Omar Muhammad</author>
	<creationDate>30/5/2009</creationDate>
	<copyright>The Knight of Baghdad</copyright>
	<license>http://www.gnu.org/copyleft/gpl.html GNU/GPL</license>
	<authorEmail>knightofbaghdad@yahoo.com</authorEmail>
	<authorUrl>http://www.aliraqweb.com/en</authorUrl>
	<version>1.5.2</version>
	<description><![CDATA[<p>Component as Content - include any component in the content (via frames). 
	the plugin code is {comascon}url{/comascon}. please read the ReadMe file included in the zip file..</p>]]></description>
	<files>
		<filename plugin="comascon">comascon.php</filename>
	</files>
	<params>
		<param name="height" type="text" size="3" default="500" label="Frame height" description="Height of component frame" />
		<param name="width" type="text" size="3" default="500" label="Frame width" description="Width of component frame" />
		<param name="scroll" type="list" default="" label="scroll" description="enable scrolling for the component's frame">
			<option value="no">No</option>
			<option value="yes">Yes</option>
		</param>
	</params>
</install>
